restaurant_name,original_category,standard_category,item_type,item_name,grammage,description,price_ron,currency,scraped_at
Restaurantul Nostru,Preparate la Grătar & Mici,Preparate la Grătar & Mici,Mici,Mici Românești de Vită-Porc (1 buc),80g,"Mici zemoși preparați pe grătar cu cărbuni, serviți cu muștar",7.5,RON,2026-09-04T18:16:51.117114
Restaurantul Nostru,Preparate la Grătar & Mici,Preparate la Grătar & Mici,Mici,Mici de Oaie și Vită (1 buc),80g,Mici tradiționali din carne de oaie și vită la grătar,8.5,RON,2026-09-04T18:16:51.117114
Restaurantul Nostru,Preparate la Grătar & Mici,Preparate la Grătar & Mici,Friptură / Grătar,Ceafă de Porc la Grătar,250g,Fragedă și marinat în mirodenii tradiționale,38.0,RON,2026-09-04T18:16:51.117114
Restaurantul Nostru,Preparate la Grătar & Mici,Preparate la Grătar & Mici,Friptură / Grătar,Piept de Pui la Grătar,220g,Piept de pui suculent la grătar cu ierburi aromatice,34.0,RON,2026-09-04T18:16:51.117114
Restaurantul Nostru,Preparate la Grătar & Mici,Preparate la Grătar & Mici,Mici,Frăție de Mici & Cârnați,450g,"4 mici românești, cârnați afumați, cartofi prăjiți și muștar",54.0,RON,2026-09-04T18:16:51.117114
Restaurantul Nostru,Preparate la Grătar & Mici,Preparate la Grătar & Mici,Friptură / Grătar,Frigărui de Berbecuț,250g,Carne fragedă de berbecuț cu ardei și ceapă la grătar,58.0,RON,2026-09-04T18:16:51.117114
Restaurantul Nostru,Ciorbe & Supe,Ciorbe & Supe,Ciorbă / Supă,Ciorbă de Perișoare,400ml,Ciorbă acrișoară cu perișoare din carne de vită și porc,24.0,RON,2026-09-04T18:16:51.117114
Restaurantul Nostru,Ciorbe & Supe,Ciorbe & Supe,Ciorbă / Supă,Ciorbă Rădăuțeană de Pui,400ml,"Ciorbă cremoasă cu pui, smântână, usturoi și ardei iute",26.0,RON,2026-09-04T18:16:51.117114
Restaurantul Nostru,Ciorbe & Supe,Ciorbe & Supe,Ciorbă / Supă,Ciorbă de Burtiță Tradițională,400ml,Servită cu smântână proaspătă și ardei iute,28.0,RON,2026-09-04T18:16:51.117114
Restaurantul Nostru,Ciorbe & Supe,Ciorbe & Supe,Ciorbă / Supă,Ciorbă de Văcuță,400ml,Bogată în legume proaspete și bucăți fragede de mânzat,25.0,RON,2026-09-04T18:16:51.117114
Restaurantul Nostru,Ciorbe & Supe,Ciorbe & Supe,Ciorbă / Supă,Supă Cremă de Legume cu Crutoane,350ml,Supă fină de legume proaspete cu crutoane aromate,22.0,RON,2026-09-04T18:16:51.117114
Restaurantul Nostru,Cârnați & Platouri,Cârnați & Platouri,Platou,Platou Boieresc (2-3 persoane),1200g,"Ceafă de porc, mici, cârnați afumați, cartofi berărești, varză murată",145.0,RON,2026-09-04T18:16:51.117114
Restaurantul Nostru,Cârnați & Platouri,Cârnați & Platouri,Platou,Platou Cârnați Asortați,800g,"Cârnați de casă, cârnați picanți și cârnați de oaie cu hrean",95.0,RON,2026-09-04T18:16:51.117114
Restaurantul Nostru,Cârnați & Platouri,Cârnați & Platouri,Platou,Platou Gustări Rece Tradiționale,700g,"Toboșar, slăninuță, șuncă de casă, brânză de burduf, ceapă roșie",85.0,RON,2026-09-04T18:16:51.117114
Restaurantul Nostru,Cârnați & Platouri,Cârnați & Platouri,Cârnați,Cârnați Picanți de Pleșcoi,250g,"Cârnați tradiționali din carne de oaie și vită, uscați și afumați",42.0,RON,2026-09-04T18:16:51.117114
Restaurantul Nostru,Mâncăruri Gătite & Specialități,Mâncăruri Gătite & Specialități,Mâncare Gătită,Tochitură Moldovenească cu Mămăligă,450g,"Carne de porc, cârnați, ou ochi și brânză rasa peste mămăligă",48.0,RON,2026-09-04T18:16:51.117114
Restaurantul Nostru,Mâncăruri Gătite & Specialități,Mâncăruri Gătite & Specialități,Mâncare Gătită,Ciolan de Porc Rumexit la Cuptor,750g,"Ciolan rumenit cu crustă crocantă, servit cu iahnie de fasole",78.0,RON,2026-09-04T18:16:51.117114
Restaurantul Nostru,Mâncăruri Gătite & Specialități,Mâncăruri Gătite & Specialități,Mâncare Gătită,Sarmale Românești în Foi de Varză (4 buc),400g,"Sarmale din carne tocată cu mămăligă, ardei iute și smântână",44.0,RON,2026-09-04T18:16:51.117114
Restaurantul Nostru,Mâncăruri Gătite & Specialități,Mâncăruri Gătite & Specialități,Mâncare Gătită,Șnițel Gigant de Pui Pane,300g,"Crispy și auriu, preparat din piept proaspăt de pui",36.0,RON,2026-09-04T18:16:51.117114
Restaurantul Nostru,Mâncăruri Gătite & Specialități,Mâncăruri Gătite & Specialități,Mâncare Gătită,Pastramă de Oaie la Tigaie cu Mămăligă,350g,Pastramă fragedă trasă în vin și usturoi cu mămăligă caldă,56.0,RON,2026-09-04T18:16:51.117114
Restaurantul Nostru,Mâncăruri Gătite & Specialități,Mâncăruri Gătite & Specialități,Mâncare Gătită,Burger Casei cu Cartofi Prăjiți,400g,"Chiftea din carne de vită Black Angus, cheddar, bacon și sos special",49.0,RON,2026-09-04T18:16:51.117114
Restaurantul Nostru,Aperitive & Gustări,Aperitive & Gustări,Aperitiv / Gustare,Salată de Vinete Coapte pe Plită,200g,Servită cu ceapă roșie tocată și pâine prăjită,24.0,RON,2026-09-04T18:16:51.117114
Restaurantul Nostru,Aperitive & Gustări,Aperitive & Gustări,Aperitiv / Gustare,Fasole Bătută cu Ceapă Călită,200g,Fasole frecată cu usturoi și ceapă prăjită aurie,20.0,RON,2026-09-04T18:16:51.117114
Restaurantul Nostru,Aperitive & Gustări,Aperitive & Gustări,Aperitiv / Gustare,Cașcaval Pane Crocant,200g,Feliuțe de cașcaval ruminate în pesmet auriu,28.0,RON,2026-09-04T18:16:51.117114
Restaurantul Nostru,Aperitive & Gustări,Aperitive & Gustări,Aperitiv / Gustare,Bulz Ardelenesc la Grătar,300g,"Mămăligă umplută cu brânză de burduf, kaiser și ou ochi",32.0,RON,2026-09-04T18:16:51.117114
Restaurantul Nostru,Salate,Salate,Salată,Salată Caesar cu Pui la Grătar,350g,"Salată iceberg, piept de pui, crutoane, parmesan și sos Caesar",38.0,RON,2026-09-04T18:16:51.117114
Restaurantul Nostru,Salate,Salate,Salată,Salată Grecească,350g,"Roșii, castraveți, ardei, brânză feta, măsline calamata și oregano",34.0,RON,2026-09-04T18:16:51.117114
Restaurantul Nostru,Salate,Salate,Salată,Salată de Murături Asortate,200g,"Gogoșari, castraveți și gogonele murate în casă",14.0,RON,2026-09-04T18:16:51.117114
Restaurantul Nostru,Salate,Salate,Salată,Salată de Ardei Copți,200g,Ardei copți pe grătar în sos de oțet și usturoi,16.0,RON,2026-09-04T18:16:51.117114
Restaurantul Nostru,Garnituri,Garnituri,Garnitură,Cartofi Prăjiți cu Usturoi și Parmezan,200g,"Cartofi proaspeți prăjiți, stropiți cu ulei de usturoi și parmezan",18.0,RON,2026-09-04T18:16:51.117114
Restaurantul Nostru,Garnituri,Garnituri,Garnitură,Piure de Cartofi cu Unt,200g,Piure cremos din cartofi proaspeți și unt fin,16.0,RON,2026-09-04T18:16:51.117114
Restaurantul Nostru,Garnituri,Garnituri,Garnitură,Iahnie de Fasole cu Bacon,200g,Fasole scăzută în sos de roșii cu boia dulce,16.0,RON,2026-09-04T18:16:51.117114
Restaurantul Nostru,Garnituri,Garnituri,Garnitură,Varză Călită în Vin cu Chimen,200g,Varză albă opărită și călită în vin alb,15.0,RON,2026-09-04T18:16:51.117114
Restaurantul Nostru,Garnituri,Garnituri,Garnitură,Mămăliguță Caldă,200g,Mămăligă din mălai proaspăt mocinat,8.0,RON,2026-09-04T18:16:51.117114
Restaurantul Nostru,Sosuri & Extra,Sosuri & Extra,Sos / Extra,Muștar Clasic,50g,Muștar de masă fin,4.0,RON,2026-09-04T18:16:51.117114
Restaurantul Nostru,Sosuri & Extra,Sosuri & Extra,Sos / Extra,Mujdei de Usturoi Tradițional,50g,Usturoi frecat cu apă minerală și ulei,5.0,RON,2026-09-04T18:16:51.117114
Restaurantul Nostru,Sosuri & Extra,Sosuri & Extra,Sos / Extra,Smântână Proaspătă 20%,50g,Smântână cremoasă,5.0,RON,2026-09-04T18:16:51.117114
Restaurantul Nostru,Sosuri & Extra,Sosuri & Extra,Sos / Extra,Sos Barbeque,50g,Sos dulce-afumat BBQ,6.0,RON,2026-09-04T18:16:51.117114
Restaurantul Nostru,Sosuri & Extra,Sosuri & Extra,Sos / Extra,Coș de Pâine de Casă,150g,Pâine proaspăt coaptă în cuptor,7.0,RON,2026-09-04T18:16:51.117114
Restaurantul Nostru,Desert,Desert,Desert,Papanași cu Smântână și Dulceață de Afine (2 buc),300g,"Papanași prăjiți, pufoși, cu smântână fină și dulceață de afine",32.0,RON,2026-09-04T18:16:51.117114
Restaurantul Nostru,Desert,Desert,Desert,Clătite cu Finetti și Banane (2 buc),200g,Clătite subțiri umplute generos,22.0,RON,2026-09-04T18:16:51.117114
Restaurantul Nostru,Desert,Desert,Desert,Ștrudel de Mere cu Sos de Vanilie,200g,Ștrudel cald cu mere caramelizate și scorțișoară,25.0,RON,2026-09-04T18:16:51.117114
Restaurantul Nostru,Desert,Desert,Desert,Lava Cake cu Înghețată de Vanilie,180g,Prăjitură de ciocolată neagră cu inimă lichidă,28.0,RON,2026-09-04T18:16:51.117114
Restaurantul Nostru,Băuturi Alcoolice & Bere,Băuturi Alcoolice & Bere,Bere,Bere Ciuc Premium la Draught 0.4L,400ml,Bere blondă proaspătă la halbă,14.0,RON,2026-09-04T18:16:51.117114
Restaurantul Nostru,Băuturi Alcoolice & Bere,Băuturi Alcoolice & Bere,Bere,Bere Heineken 0.33L,330ml,Bere lager sticlă,16.0,RON,2026-09-04T18:16:51.117114
Restaurantul Nostru,Băuturi Alcoolice & Bere,Băuturi Alcoolice & Bere,Bere,Bere Nepasteurizată Zăganu 0.5L,500ml,Bere artizanală românească,22.0,RON,2026-09-04T18:16:51.117114
Restaurantul Nostru,Băuturi Alcoolice & Bere,Băuturi Alcoolice & Bere,Vin / Alcool,Țuică de Prune Ardelenească 50ml,50ml,Țuică bătrână dublu distilată 45%,18.0,RON,2026-09-04T18:16:51.117114
Restaurantul Nostru,Băuturi Alcoolice & Bere,Băuturi Alcoolice & Bere,Vin / Alcool,Pachet Vinul Casei Fetească Regală 1L,1000ml,Vin alb sec carafă,55.0,RON,2026-09-04T18:16:51.117114
Restaurantul Nostru,Băuturi Alcoolice & Bere,Băuturi Alcoolice & Bere,Vin / Alcool,Vin Purcari Rară Neagră Sticlă 0.75L,750ml,Vin roșu sec de colecție,95.0,RON,2026-09-04T18:16:51.117114
Restaurantul Nostru,Băuturi Răcoritoare & Cafea,Băuturi Răcoritoare & Cafea,Răcoritoare / Cafea,Coca-Cola / Coca-Cola Zero 0.33L,330ml,Sticlă de sticlă,12.0,RON,2026-09-04T18:16:51.117114
Restaurantul Nostru,Băuturi Răcoritoare & Cafea,Băuturi Răcoritoare & Cafea,Răcoritoare / Cafea,Limonadă Proaspătă cu Miere și Mentă 0.5L,500ml,Limonadă preparată pe loc,20.0,RON,2026-09-04T18:16:51.117114
Restaurantul Nostru,Băuturi Răcoritoare & Cafea,Băuturi Răcoritoare & Cafea,Răcoritoare / Cafea,Apă Minerală / Plată Borsec 0.5L,500ml,Sticlă minerală Borsec,10.0,RON,2026-09-04T18:16:51.117114
Restaurantul Nostru,Băuturi Răcoritoare & Cafea,Băuturi Răcoritoare & Cafea,Răcoritoare / Cafea,Espresso Scurt / Lung Julius Meinl,60ml,100% Arabica,12.0,RON,2026-09-04T18:16:51.117114
Restaurantul Nostru,Băuturi Răcoritoare & Cafea,Băuturi Răcoritoare & Cafea,Răcoritoare / Cafea,Cappuccino cu Spumă de Lapte,150ml,Espresso cu spumă densă de lapte,15.0,RON,2026-09-04T18:16:51.117114
